source,sink,tou,hedge,book,tier,ref_limit,filled,clearing,median_month,tail,collapse_flag,beat_rate,spike_flag
ABINDUST_RN,CISC_RN,PeakWD,OBL,Market,amber,0.6318,True,-0.7034,2.954,1.71/0.74,False,0.9,False
ANSON1_ALL,SHEEPCRK_1,Off-peak,OBL,Market,amber,0.2768,True,-0.5314,0.535,0.16/0.24,False,0.73,False
ASTRA_RN,WHCCS_CT1_ST,PeakWD,OBL,Market,amber,4.9609,True,4.4053,7.73,4.67/4.20,False,0.91,False
AURO_SLR_RN,FREC_2_CCU,PeakWD,OBL,Market,amber,0.6117,True,0.5472,1.512,3.90/4.93,False,0.82,False
BAIRDWND_ALL,DSWL_BES1,Off-peak,OPT,Market,amber,3.018,True,2.6108,4.61,0.37/0.71,True,0.7,False
BAIRDWND_ALL,LPCCS_CT11,Off-peak,OBL,Market,amber,3.0617,True,2.3456,4.592,0.28/0.72,True,0.73,False
BATCAVE_RN,GID_GIDEONG1,Off-peak,OBL,Market,amber,0.2997,True,0.1051,1.476,1.03/-0.51,False,0.55,False
BORDAS_345,CEDROHI_CHW1,PeakWD,OBL,Market,amber,0.4647,True,-1.7055,1.62,0.85/-1.43,False,0.73,False
BUFF_GAP_ALL,FENCESLR_ALL,Off-peak,OBL,Market,amber,1.5957,True,0.2559,3.374,-0.31/-0.57,True,0.73,False
CANYONWD_ALL,CNTRY_RN,PeakWD,OBL,Market,amber,1.1693,True,1.0507,2.339,3.19/2.41,False,0.73,False
CANYONWD_ALL,LIGSW_RN,Off-peak,OBL,Market,amber,3.217,True,0.7495,4.826,0.36/0.66,True,0.64,False
CPSES_UNIT1,HLSES_UNIT3,Off-peak,OBL,Market,amber,0.1427,True,0.1023,0.824,-0.06/-0.23,True,0.73,False
DC2SES_ALL,LZ_NORTH,Off-peak,OBL,Market,amber,0.3457,True,0.3008,0.906,-0.08/0.08,True,0.64,False
DENISON_G1_2,LZ_NORTH,PeakWD,OBL,Market,amber,0.3301,True,0.0153,0.499,0.55/-0.15,False,0.55,False
EBELLS_UNIT1,STRATEGC_RN,PeakWD,OBL,Market,amber,0.3401,True,-0.3426,1.412,3.42/4.07,False,0.82,False
ERSL_RN,BIGSTAR_ALL,PeakWD,OBL,Market,amber,0.7569,True,0.7361,2.736,1.21/3.20,False,0.73,False
ERSL_RN,WEBBER_WS_T1,PeakWD,OBL,Market,amber,2.0179,True,1.372,3.699,1.88/3.72,False,0.73,False
FTWIND_UNIT1,MDANP_CT5_6,Off-peak,OBL,Market,amber,1.0839,True,1.0289,4.261,-0.13/-0.57,True,0.73,False
GREGORY_RN,PIRATE_RN,PeakWD,OBL,Market,amber,0.2353,True,-3.913,0.486,-0.05/-0.37,True,0.7,False
GRSES_UNIT1,GRSES_UNIT2,PeakWD,OBL,Market,amber,0.2627,True,-1.0047,0.525,0.42/0.23,False,0.64,False
GRSES_UNIT2,LACASAWD_RN,Off-peak,OBL,Market,amber,0.4793,True,0.0317,0.742,0.29/0.13,False,0.6,False
GWEC_G1,DILEOS_UNIT1,Off-peak,OBL,Market,amber,0.2951,True,0.007,1.67,0.34/-0.42,True,0.64,False
GWEC_G1,FENCESLR_ALL,Off-peak,OBL,Market,amber,0.6503,True,-0.3316,1.301,-0.05/-0.51,True,0.55,False
HB_PAN,HLSES_UNIT4,PeakWD,OBL,Market,amber,4.9547,True,4.4919,7.722,3.48/3.78,False,0.91,False
HHOLLW2_WND1,STRATEGC_RN,Off-peak,OBL,Market,amber,0.6672,True,0.1199,3.806,-0.33/-0.58,True,0.73,False
HI_LONE_ALL,LZ_WEST,Off-peak,OBL,Market,amber,2.4292,True,0.3993,5.938,0.21/-0.09,True,0.91,False
HKSN_SLR_ALL,ANCHOR_ALL,Off-peak,OPT,Discovery,green,0.1331,True,0.0762,0.033,0.02/0.03,False,0.1,True
HKSN_SLR_ALL,ANCHOR_ALL,PeakWD,OPT,Discovery,green,0.1637,True,0.067,0.058,0.01/0.01,True,0.2,True
HOLSTEIN_ALL,TGCCS_ALL,Off-peak,OBL,Market,amber,0.9,True,0.4292,3.706,-0.18/-0.20,True,0.73,False
H_HOLLO_WND1,DENISON_G1_2,Off-peak,OBL,Market,amber,0.4674,True,0.0134,2.668,-0.37/-0.73,True,0.64,False
H_HOLLO_WND1,PANDA_S_CT1,Off-peak,OBL,Market,amber,0.324,True,-0.061,2.628,-0.36/-0.74,True,0.64,False
JCKCNTY2_CT3,CNTRY_RN,Off-peak,OBL,Market,amber,0.7664,True,0.5341,1.739,0.13/0.16,True,0.82,False
LGDRAW_S_ALL,HB_NORTH,Off-peak,OPT,Market,amber,2.6029,True,2.3528,3.904,0.18/0.18,True,0.73,False
LPCCS_CT11,FREC_2_CCU,Off-peak,OBL,Market,amber,0.2021,True,0.1359,0.349,0.08/0.16,False,0.55,False
MARBFA,AUSTPL_ALL,Off-peak,OBL,Market,amber,0.1916,True,0.0814,0.383,0.09/-0.16,True,0.64,False
OUTP_SLR_RN,WFTANK_ESS1,PeakWD,OBL,Market,amber,0.4342,True,0.4325,1.47,1.92/1.93,False,0.55,False
PANDA_S_CT1,LZ_NORTH,PeakWD,OBL,Market,amber,0.2764,True,0.0667,0.801,0.51/-0.23,False,0.73,False
PEARSA_1_24,HB_SOUTH,PeakWD,OBL,Market,amber,0.4323,True,-0.169,0.867,0.25/1.16,False,0.55,False
POTEETS_RN,BRP_RN_UNIT1,Off-peak,OBL,Market,amber,0.1656,True,0.1129,0.316,-0.51/-0.08,True,0.5,False
QUEEN_SL_RN,KINGE_ALL,PeakWD,OBL,Market,amber,0.1734,True,-0.0319,0.686,-0.24/-0.32,True,0.82,False
RADN_SLR_ALL,WHCCS2_5_6,Off-peak,OBL,Market,amber,0.8551,True,0.6515,2.645,-0.41/-1.33,True,0.64,False
RAT_RN_1,X443ESRN,Off-peak,OBL,Market,amber,0.9666,True,-0.0081,3.998,-1.31/-1.85,True,0.64,False
RN_RTS1,DC2SES_ALL,Off-peak,OBL,Market,amber,0.5705,True,0.3177,2.663,-0.55/-1.67,True,0.73,False
RSK_RN,GREASWOD_ALL,Off-peak,OPT,Market,amber,7.2181,True,2.3512,15.313,0.25/0.06,True,1.0,False
RSK_RN,LACY_CRK_ALL,Off-peak,OPT,Discovery,amber,0.1992,True,0.1218,0.435,0.00/0.00,True,0.82,False
SANTACRU_ALL,B_DAVIS_3,PeakWD,OBL,Market,amber,0.2727,True,0.2234,0.762,0.14/0.31,False,0.91,False
SHAMROCK_RN,LZ_WEST,Off-peak,OBL,Market,amber,2.8456,True,0.7714,6.071,0.41/0.26,True,1.0,False
SPNC_SPNCE_4,LZ_NORTH,PeakWD,OBL,Market,amber,0.3483,True,0.2834,5.678,0.42/-0.40,True,0.73,False
TGS_GT01,FTR_FTR_G1_4,PeakWD,OBL,Market,amber,0.285,True,-1.1398,1.337,2.26/3.18,False,0.82,False
TNP_TNP_O_1,SC2SES_UNIT1,PeakWD,OBL,Market,amber,0.5844,True,0.1389,1.72,3.05/4.32,False,0.64,False
VLSES_UNIT3,PINEFRST_RN,PeakWD,OBL,Market,amber,0.2082,True,0.1319,0.612,0.16/0.06,False,1.0,False
WEC_WECG1,LZ_WEST,PeakWD,OBL,Market,amber,1.2477,True,-3.048,4.761,-0.23/-1.51,True,0.82,False
WHCCS_CT1_ST,CNTRY_RN,Off-peak,OBL,Market,amber,0.2205,True,0.096,0.937,-0.04/-0.12,True,0.82,False
WHCCS_CT1_ST,HLSES_UNIT3,Off-peak,OBL,Market,amber,0.2243,True,0.0983,0.772,-0.06/-0.21,True,0.64,False
WHCCS_CT1_ST,STRATEGC_RN,PeakWD,OBL,Market,amber,0.4629,True,-0.2637,1.585,0.08/-0.33,True,0.91,False
WH_WIND_ALL,HB_NORTH,Off-peak,OBL,Market,amber,3.0752,True,0.669,4.613,0.39/0.78,True,0.55,False
WH_WIND_ALL,WHCCS2_4,PeakWD,OBL,Market,amber,1.0239,True,1.0083,2.941,3.51/3.46,False,0.73,False
WH_WIND_ALL,WILDWIND_ALL,Off-peak,OBL,Market,amber,0.8361,True,0.0362,2.38,0.29/0.52,True,0.55,False
AGUAYO_UNIT1,AQUI_ALL,Off-peak,OBL,Market,amber,0.6474,False,,2.635,0.07/-1.35,True,0.73,False
AGUAYO_UNIT1,ASCK_SLR_RN,Off-peak,OBL,Market,amber,0.7905,False,,2.635,0.07/-1.35,True,0.73,False
AGUAYO_UNIT1,BOARDCRK_ALL,Off-peak,OBL,Market,amber,1.4637,False,2.1475,2.927,0.06/-1.21,True,0.64,False
AGUAYO_UNIT1,BOSQ_BSQS_34,Off-peak,OBL,Market,amber,0.9521,False,,3.174,0.38/-1.17,True,0.73,False
AGUAYO_UNIT1,LZ_NORTH,Off-peak,OBL,Market,amber,0.8532,False,,2.851,0.12/-1.26,True,0.73,False
AGUAYO_UNIT1,NACPW_UNIT1,Off-peak,OBL,Market,amber,0.9621,False,,3.075,0.16/-1.15,True,0.82,False
AGUAYO_UNIT1,RN_RTS1,Off-peak,OBL,Market,amber,0.224,False,1.5582,0.448,0.74/0.33,False,0.55,False
AJAXWIND_RN,PORTSL_UNIT1,Off-peak,OBL,Market,amber,0.3691,False,,0.554,0.29/0.42,False,0.55,False
AJAXWIND_RN,SC2SES_UNIT1,Off-peak,OBL,Market,amber,3.4176,False,,5.28,0.52/0.99,True,0.73,False
AJAXWIND_RN,WAP_WAP_G6,PeakWD,OBL,Market,amber,3.7296,False,,6.026,3.88/5.18,False,0.73,False
AMAD_ESS_RN,BART_SLR_RN,PeakWD,OBL,Market,amber,0.4154,False,,0.854,-8.69/1.49,False,0.62,False
AMISTAD_ALL,INKS_INKS_G1,PeakWD,OBL,Market,amber,0.2697,False,3.3863,3.094,3.42/14.10,False,0.55,False
ANCHOR_ALL,CNTRY_RN,Off-peak,OBL,Market,amber,1.156,False,,2.312,0.17/0.33,True,0.82,False
ANCHOR_ALL,ETCCS_CCU,Off-peak,OBL,Market,amber,1.9257,False,,3.851,-0.07/0.61,True,0.82,False
ANCHOR_ALL,FILESSLR_PV1,Off-peak,OBL,Market,amber,1.3195,False,,2.639,0.23/0.48,True,0.82,False
ANCHOR_ALL,HB_NORTH,Off-peak,OBL,Market,amber,1.447,False,1.6654,3.337,0.20/0.56,True,0.73,False
ANCHOR_ALL,HKSN_SLR_ALL,PeakWD,OBL,Market,amber,0.1753,False,0.283,0.45,0.13/0.15,False,0.6,False
ANCHOR_ALL,HKSN_SLR_ALL,PeakWD,OPT,Market,amber,0.1837,False,0.35,0.464,0.13/0.16,False,0.6,False
ANCHOR_ALL,HLSES_UNIT3,Off-peak,OBL,Market,amber,1.0773,False,,2.155,0.16/0.24,True,0.73,False
ANCHOR_ALL,HLSES_UNIT4,Off-peak,OBL,Market,amber,0.8733,False,,2.155,0.16/0.24,True,0.73,False
ANCHOR_ALL,HLSES_UNIT5,Off-peak,OBL,Market,amber,1.0773,False,,2.155,0.16/0.24,True,0.73,False
ANCHOR_ALL,MDANP_CT3_4,Off-peak,OBL,Market,amber,1.3223,False,,2.735,0.21/0.44,True,0.82,False
ANCHOR_ALL,MRKM_SLR_RN,PeakWD,OBL,Market,amber,0.6621,False,,2.891,2.60/1.89,False,0.73,False
ANEM_ESS_RN,FALFUR_RN,PeakWD,OBL,Market,amber,0.558,False,0.6852,1.435,1.65/0.50,False,0.91,False
ANOL_ESS_RN,LFSTH_RN,PeakWD,OBL,Market,amber,0.1892,False,,0.478,0.07/0.17,False,0.7,False
ANSON1_ALL,FPPYD_FPP_G1,PeakWD,OBL,Market,amber,2.1358,False,,8.042,2.11/1.98,False,0.73,False
ANSON1_ALL,HB_NORTH,Off-peak,OBL,Market,amber,3.1572,False,,4.813,0.39/0.86,True,0.73,False
ANSON1_ALL,HKSN_SLR_ALL,PeakWD,OBL,Market,amber,0.5977,False,,1.201,-2.03/-2.40,True,0.7,False
ANSON1_ALL,HKSN_SLR_ALL,PeakWD,OPT,Market,amber,1.0234,False,,2.095,0.09/0.11,True,0.7,False
ANTL_ESS_ES1,HAMI_BESS_RN,Off-peak,OBL,Market,amber,2.1768,False,6.3302,6.14,0.92/0.39,True,0.7,False
AQUI_ALL,FREC_2_CCU,Off-peak,OBL,Market,amber,0.2408,False,,0.822,-0.03/0.16,True,0.55,False
ASTRA_RN,MASSENGL_G6,Off-peak,OBL,Market,amber,0.3589,False,1.067,0.836,0.29/0.66,False,0.73,False
ASTRA_RN,WAP_WAP_G6,PeakWD,OBL,Market,amber,6.2537,False,,9.593,5.77/6.99,False,0.82,False
AURO_SLR_RN,CR_RN,PeakWD,OBL,Market,amber,2.1141,False,,4.228,6.80/8.98,False,0.82,False
AURO_SLR_RN,LPCCS_CT12,PeakWD,OBL,Market,amber,1.0645,False,,2.129,4.70/7.88,False,0.82,False
AURO_SLR_RN,LZ_NORTH,PeakWD,OBL,Market,amber,1.1109,False,1.6645,2.222,5.44/8.38,False,0.91,False
AZURE_RN,SAMSON_ALL,Off-peak,OBL,Market,amber,3.4781,False,,5.217,0.51/1.19,True,0.73,False
AZ_ALL,SJS_SJS_G2,PeakWD,OPT,Market,amber,0.2571,False,,0.507,0.38/0.12,False,0.64,False
BAIRDWND_ALL,ESTONIAN_ALL,Off-peak,OBL,Market,amber,3.092,False,,4.638,0.28/0.72,True,0.73,False
BAIRDWND_ALL,HKSN_SLR_ALL,PeakWD,OPT,Market,amber,0.9706,False,,1.99,0.05/0.07,True,0.6,False
BATCAVE_RN,EBNY_ESS_RN,Off-peak,OBL,Market,amber,0.6929,False,,2.815,1.29/-0.15,False,0.64,False
BATCAVE_RN,FPPYD_FPP_G3,Off-peak,OBL,Market,amber,0.1764,False,,1.329,0.99/-0.53,False,0.55,False
BELM_SLR_RN,FPPYD_FPP_G1,PeakWD,OBL,Market,amber,1.1769,False,,3.165,4.37/5.87,False,0.73,False
BELM_SLR_RN,LZ_NORTH,PeakWD,OBL,Market,amber,1.5148,False,,3.03,7.85/11.25,False,0.73,False
BIGSAMWD_RN,LZ_WEST,PeakWD,OBL,Market,amber,0.4356,False,,1.638,2.37/1.35,False,0.8,False
BLSMT1_5_A_6,CNTRY_RN,PeakWD,OBL,Market,amber,3.0801,False,3.5222,5.186,3.19/2.12,False,0.91,False
BRAZ_WND_ALL,OGSES_1,Off-peak,OBL,Market,amber,1.2432,False,,1.865,-1.11/-1.32,True,0.73,False
BRTSW_BCW1,HB_NORTH,Off-peak,OBL,Market,amber,1.0263,False,,2.765,-0.60/-0.09,True,0.82,False
BRTSW_BCW1,VLSES_UNIT3,Off-peak,OBL,Market,amber,0.8765,False,,2.679,-0.65/-0.17,True,0.91,False
BUCHAN_ALL,PTLBES_BESS1,Off-peak,OBL,Market,amber,0.5119,False,,0.768,-0.36/-0.14,True,0.64,False
BUFF_GAP_ALL,FREC_1_CCU,Off-peak,OBL,Market,amber,1.29,False,,3.58,-0.29/-0.55,True,0.73,False
BUFF_GAP_ALL,HLSES_UNIT3,Off-peak,OBL,Market,amber,0.4446,False,,2.622,-0.38/-0.96,True,0.73,False
BUFF_GAP_ALL,LZ_NORTH,Off-peak,OBL,Market,amber,0.786,False,,3.047,-0.22/-0.61,True,0.73,False
BUFF_GAP_ALL,OGSES_1,Off-peak,OBL,Market,amber,1.4124,False,,2.825,-0.18/-0.38,True,0.64,False
BVE_UNIT1,FPPYD_FPP_G1,PeakWD,OBL,Market,amber,0.237,False,,2.007,-2.62/-4.07,True,0.73,False
CALLAHA_WND1,EBELLS_UNIT1,Off-peak,OBL,Market,amber,1.41,False,,2.82,-0.35/-0.67,True,0.73,False
CANYONWD_ALL,EIFSLR_UNIT1,Off-peak,OBL,Market,amber,3.2212,False,,4.934,0.34/0.67,True,0.55,False
CANYONWD_ALL,ESTONIAN_ALL,Off-peak,OBL,Market,amber,3.2235,False,,4.945,0.34/0.68,True,0.55,False
CBEC_ALL,BTM_ALL,PeakWD,OBL,Market,amber,0.4769,False,,0.995,1.27/2.05,False,0.73,False
CHIL_SLR,BLUEJAY_RN,PeakWD,OBL,Market,amber,1.2349,False,,2.564,7.28/8.65,False,0.64,False
CN_BRKS_UNT1,NED_NEDIN_G1,PeakWD,OBL,Market,amber,4.7182,False,,7.241,-2.81/-2.58,True,0.82,False
CORAZON_RN,LARDVFTN_G5,PeakWD,OBL,Market,amber,0.371,False,,2.797,1.78/2.35,False,0.55,False
COTPLNS_RN,MASSENGL_G6,Off-peak,OBL,Market,amber,0.2418,False,,0.827,0.17/0.60,False,0.82,False
COTULLA_RN,CARRIZO_ESR1,Off-peak,OBL,Market,amber,0.5931,False,,2.809,5.72/0.23,False,0.8,False
CPSES_UNIT2,FILESSLR_PV1,Off-peak,OBL,Market,amber,0.165,False,,1.155,0.01/0.02,True,0.91,False
CSC_CSECG1_2,CNTRY_RN,Off-peak,OBL,Market,amber,1.5741,False,,2.895,-0.99/-1.15,True,0.73,False
DAG_ALL,BCH_RN,PeakWD,OBL,Market,amber,0.2058,False,0.4233,0.559,-0.14/0.09,True,0.82,False
DAG_ALL,BRP_BRAZ_RN,PeakWD,OBL,Market,amber,0.2348,False,,0.352,0.19/0.14,False,0.64,False
DAG_ALL,GAMBIT_RN,PeakWD,OBL,Market,amber,0.2451,False,,0.609,0.18/0.10,False,0.73,False
DAG_ALL,SCLP_PUN4,PeakWD,OBL,Market,amber,0.2862,False,,0.439,0.21/0.24,False,0.73,False
DANSBY_ALL,RPUBRDS_RN,PeakWD,OBL,Market,amber,0.246,False,,0.955,2.73/2.00,False,0.91,False
DAN_ALL,LOS_LOSTPGT1,Off-peak,OBL,Market,amber,0.2941,False,0.6066,0.638,0.36/0.24,False,0.82,False
DC_N,PORTSL_UNIT1,Off-peak,OBL,Market,amber,0.2832,False,1.2328,0.658,0.35/0.52,False,0.64,False
DENISON_G1_2,PLATINUM_RN,Off-peak,OPT,Market,amber,0.2279,False,0.259,1.005,0.01/0.03,True,0.8,False
DENISON_G1_2,VLSES_UNIT3,Off-peak,OBL,Market,amber,0.1387,False,,0.731,-0.01/0.02,True,0.73,False
DMA_RN,BRP_BRAZ_RN,PeakWD,OBL,Market,amber,0.2127,False,,0.319,0.15/0.09,False,0.64,False
DMA_RN,BSS_U1,PeakWD,OBL,Market,amber,0.3792,False,,0.795,0.97/0.67,False,0.73,False
DMA_RN,GAMBIT_RN,PeakWD,OBL,Market,amber,0.4036,False,,0.605,0.14/0.05,True,0.55,False
DMA_RN,SCLP_PUN1,PeakWD,OBL,Market,amber,0.2904,False,0.293,0.436,0.17/0.19,False,0.64,False
EBELLS_UNIT1,BOARDCRK_ALL,PeakWD,OBL,Market,amber,0.2725,False,,0.92,2.77/3.35,False,0.82,False
EBELLS_UNIT1,FREC_2_CCU,PeakWD,OBL,Market,amber,0.4766,False,,1.363,3.18/4.03,False,0.82,False
EBELLS_UNIT1,FTR_FTR_G1_4,PeakWD,OBL,Market,amber,1.122,False,,2.442,4.45/5.66,False,0.82,False
EBELLS_UNIT1,GRIM_SLR_RN,PeakWD,OBL,Market,amber,0.8711,False,,1.77,4.94/5.84,False,0.6,False
EBELLS_UNIT1,LEG_LEG_G1,PeakWD,OBL,Market,amber,0.4338,False,,0.901,2.75/3.41,False,0.73,False
EBELLS_UNIT1,LIGSW_RN,PeakWD,OBL,Market,amber,1.1107,False,1.2724,2.221,4.27/5.43,False,0.91,False
EBELLS_UNIT1,LMO_ESR_RN,PeakWD,OBL,Market,amber,0.4908,False,1.7992,1.733,4.32/5.50,False,0.64,False
ECLIPSE_UN1,FTDUNCAN_RN,PeakWD,OBL,Market,amber,0.3021,False,,1.001,0.68/-0.46,False,0.7,False
EIFSLR_UNIT1,FRNYPP_1_CCU,PeakWD,OBL,Market,amber,0.2499,False,,0.5,0.79/0.38,False,0.64,False
ELB_ELBCREEK,PIONR_DJ_RN,Off-peak,OBL,Market,amber,8.0088,False,,14.686,-0.11/-0.36,True,0.91,False
ERSL_RN,7RNCHSLR_ALL,PeakWD,OBL,Market,amber,0.9554,False,1.1293,2.39,1.25/3.97,False,0.82,False
ERSL_RN,BASTEN_CCU,PeakWD,OBL,Market,amber,0.5274,False,1.6116,3.672,1.86/3.86,False,0.91,False
ERSL_RN,MILTON_RN,PeakWD,OBL,Market,amber,0.4734,False,,2.64,0.55/2.32,False,0.8,False
FENCESLR_ALL,LPCCS_CT12,PeakWD,OBL,Market,amber,0.1373,False,,0.475,1.07/3.03,False,0.64,False
FERMI_ALL,CASL_GAP_UN1,Off-peak,OBL,Market,amber,3.5339,False,4.095,6.81,-2.02/1.07,True,0.55,False
FERMI_ALL,INDNENR_1_RN,Off-peak,OBL,Market,amber,4.2536,False,,7.324,-1.71/0.98,True,0.55,False
FILESSLR_PV1,STRATEGC_RN,Off-peak,OBL,Market,amber,0.2002,False,,0.49,-0.03/0.13,False,0.55,False
FIVEWSLR_ALL,FREC_1_CCU,PeakWD,OBL,Market,amber,0.1962,False,,1.279,5.27/6.67,False,0.91,False
FIVEWSLR_ALL,LEG_LEG_G2,PeakWD,OBL,Market,amber,0.7094,False,,1.471,4.95/6.15,False,0.64,False
FLCNS_UNIT2,QUEEN_BA_RN,Off-peak,OBL,Market,amber,1.3575,False,,7.172,-0.89/-1.64,True,1.0,False
FLTCK_SSI,DILEOS_UNIT1,Off-peak,OBL,Market,amber,0.2779,False,,1.066,-0.08/-0.28,True,0.73,False
FLTCK_SSI,PAULN_RN,Off-peak,OBL,Market,amber,0.514,False,,2.04,-0.48/-0.38,True,0.55,False
FLTCK_SSI,TNP_TNP_O_1,Off-peak,OBL,Market,amber,0.6009,False,,1.202,-0.28/-0.15,True,0.55,False
FPPYD_FPP_G1,BIGSTAR_ALL,PeakWD,OBL,Market,amber,0.1243,False,0.373,0.248,0.27/0.50,False,0.64,False
FTWIND_UNIT1,CPSES_UNIT1,Off-peak,OBL,Market,amber,0.442,False,0.8129,1.903,-0.11/-0.55,True,0.55,False
FTWIND_UNIT1,DC2SES_ALL,Off-peak,OBL,Market,amber,0.7595,False,,3.049,0.07/-0.50,True,0.64,False
FTWIND_UNIT1,LZ_NORTH,Off-peak,OBL,Market,amber,1.1053,False,1.2638,3.863,-0.01/-0.43,True,0.82,False
FTWIND_UNIT1,MDANP_CT3_4,Off-peak,OBL,Market,amber,1.0116,False,,3.85,-0.11/-0.57,True,0.73,False
FTWIND_UNIT1,NACPW_UNIT1,Off-peak,OBL,Market,amber,1.2415,False,,4.632,0.03/-0.32,True,0.73,False
FTWIND_UNIT1,RAMBLER_UNIT,Off-peak,OBL,Market,amber,1.1092,False,,1.664,1.75/2.67,False,0.73,False
FTWIND_UNIT1,SROSA_ESR_RN,PeakWD,OBL,Market,amber,1.335,False,,3.106,-6.34/-7.89,True,0.55,False
GALO_RN1,ASCK_SLR_RN,Off-peak,OBL,Market,amber,0.4739,False,,2.208,-0.96/-2.05,True,0.82,False
GALO_RN1,RAMBLER_UNIT,Off-peak,OBL,Market,amber,0.2154,False,,0.879,0.84/1.14,False,0.82,False
GIGA_ESS_RN,TIMPP_RN1,PeakWD,OPT,Discovery,green,0.1871,False,0.8261,0.184,0.04/0.12,False,0.5,False
GIGA_ESS_RN,TIMPP_RN2,Off-peak,OPT,Discovery,amber,0.1136,False,,0.109,0.07/0.12,False,0.4,True
GPASTURE_ALL,BYP_RN,PeakWD,OBL,Market,amber,3.5617,False,,5.524,3.95/5.35,False,0.7,False
GPASTURE_ALL,FPPYD_FPP_G1,PeakWD,OBL,Market,amber,2.3587,False,,7.186,0.75/0.24,True,0.73,False
GPASTURE_ALL,WAP_WAP_G6,PeakWD,OBL,Market,amber,3.212,False,,5.343,3.95/5.33,False,0.73,False
GREASWOD_ALL,SANDLAKE_RN,PeakWD,OBL,Market,amber,0.2721,False,,1.231,1.28/0.79,False,0.73,False
GRSES_UNIT1,JCKCNTY2_CT3,Off-peak,OBL,Market,amber,0.3999,False,,1.213,0.09/0.10,True,0.64,False
GRSES_UNIT1,NOBLESLR_ALL,Off-peak,OBL,Market,amber,0.3534,False,,0.53,0.13/0.20,False,0.55,False
GRSES_UNIT1,WCPP_CT1,Off-peak,OBL,Market,amber,0.4643,False,,1.221,0.10/0.12,True,0.73,False
GRSES_UNIT1,WHCCS_CT2,Off-peak,OBL,Market,amber,0.9885,False,,2.82,0.26/0.38,True,0.82,False
GRSES_UNIT2,BRTSW_BCW1,Off-peak,OBL,Market,amber,0.2801,False,,1.016,0.89/0.68,False,0.64,False
GRSES_UNIT2,CHISMGRD_RN,Off-peak,OBL,Market,amber,0.6661,False,,1.937,0.23/0.34,True,0.73,False
GRSES_UNIT2,WCPP_CT1,Off-peak,OBL,Market,amber,0.5281,False,,1.218,0.14/0.21,True,0.55,False
GRSES_UNIT2,WCPP_CT2,Off-peak,OBL,Market,amber,0.5281,False,1.0315,1.218,0.14/0.21,True,0.55,False
GRSES_UNIT2,WCPP_ST1,Off-peak,OBL,Market,amber,0.5281,False,1.0315,1.218,0.14/0.21,True,0.55,False
GRSES_UNIT2,WILDWIND_ALL,PeakWD,OBL,Market,amber,0.9307,False,2.5008,1.396,2.46/3.82,False,0.55,False
GWEC_G1,ALVIN_RN,Off-peak,OBL,Market,amber,0.6916,False,,1.383,-0.04/-0.15,True,0.64,False
GWEC_G1,BOARDCRK_ALL,Off-peak,OBL,Market,amber,0.4377,False,,1.559,-0.02/-0.50,True,0.64,False
GWEC_G1,KELAMSL_U1,Off-peak,OBL,Market,amber,0.4403,False,,1.963,0.18/-0.31,True,0.82,False
GWEC_G1,LOS_LOSTPGT1,Off-peak,OBL,Market,amber,0.7476,False,,1.719,0.31/0.16,True,0.73,False
GWEC_G1,PANDA_T1_CT1,Off-peak,OBL,Market,amber,0.7507,False,,1.501,-0.61/-0.19,True,0.64,False
HALO_RN1,FREC_2_CCU,PeakWD,OBL,Market,amber,0.7845,False,,1.663,4.71/5.93,False,0.91,False
HALO_RN1,GRIM_SLR_RN,PeakWD,OBL,Market,amber,0.66,False,,2.291,6.46/7.74,False,0.6,False
HALO_RN1,LEG_LEG_G1,PeakWD,OBL,Market,amber,0.6741,False,,1.348,4.27/5.31,False,0.73,False
HHGT_KENDAL,CALAVER_JKS2,Off-peak,OBL,Market,amber,0.2347,False,,0.637,-0.25/-0.61,True,0.82,False
HHGT_KENDAL,LEONLCPCT1_2,Off-peak,OBL,Market,amber,0.2669,False,,0.72,-0.13/-0.54,True,0.82,False
HHGT_KENDAL,LEONLCPCT3_4,Off-peak,OBL,Market,amber,0.2669,False,,0.72,-0.13/-0.54,True,0.82,False
HHGT_KENDAL,MEDILA_RN,Off-peak,OBL,Market,amber,0.3277,False,,1.103,-0.05/-0.34,True,0.91,False
HHOLLW3_WND1,DC2SES_ALL,Off-peak,OBL,Market,amber,0.6467,False,,2.754,-0.14/-0.69,True,0.64,False
HHOLLW3_WND1,EXN_PUN1,Off-peak,OBL,Market,amber,1.427,False,,2.854,-0.23/-0.23,True,0.64,False
HHOLLW3_WND1,MLSES_UNIT1,Off-peak,OBL,Market,amber,1.0748,False,,3.762,-0.42/-0.61,True,0.73,False
HHOLLW4_WND1,BOSQ_BSQSU_5,Off-peak,OBL,Market,amber,0.8726,False,,3.079,-0.01/-0.52,True,0.73,False
HICK_G1_G2,BRA_AVR1_CT2,PeakWD,OBL,Market,amber,2.7461,False,,5.85,2.47/1.71,False,0.64,False
HICK_G1_G2,BRP_RN_UNIT1,PeakWD,OBL,Market,amber,3.386,False,,6.21,3.66/3.74,False,0.64,False
HICK_G1_G2,REDBARN_RN,Off-peak,OBL,Market,amber,4.1341,False,,7.796,0.94/0.86,True,1.0,False
HI_LONEB_RN1,X443ESRN,PeakWD,OBL,Market,amber,2.56,False,,5.4,3.69/3.41,False,0.73,False
HI_LONE_ALL,MCDLD_FCSBW1,Off-peak,OBL,Market,amber,2.0102,False,,5.07,1.27/1.66,False,0.91,False
HKSN_SLR_ALL,VISION_RN,PeakWD,OPT,Discovery,amber,1.9426,False,,3.724,6.00/6.11,False,0.6,False
HOLSTEIN_ALL,SUNVASLR_ALL,Off-peak,OBL,Market,amber,0.1986,False,,2.735,-0.01/-0.29,True,0.73,False
HOLSTEIN_ALL,TTWEC_G1,Off-peak,OBL,Market,amber,0.2023,False,,0.615,0.56/0.93,False,0.73,False
HORSECRK_RN,ANCHOR_ALL,PeakWD,OBL,Market,amber,0.2548,False,,0.955,-2.59/-3.21,True,0.82,False
HOUSEMTN_RN,SANDLAKE_RN,PeakWD,OBL,Market,amber,0.1315,False,,0.449,1.45/0.99,False,0.73,False
HWF_HWFG1,CPSES_UNIT1,Off-peak,OBL,Market,amber,0.4101,False,,1.938,0.23/0.31,True,0.73,False
IND_INADALE1,HLSES_UNIT3,Off-peak,OBL,Market,amber,1.1385,False,,2.571,0.98/1.43,False,0.73,False
INKS_INKS_G1,CALAVER_JTD1,Off-peak,OBL,Market,amber,0.7638,False,,1.21,0.44/0.04,False,0.64,False
INKS_INKS_G1,LBRA_BES1,Off-peak,OBL,Market,amber,0.3194,False,,0.479,0.25/-0.13,False,0.73,False
INRT_W_ALL,ANCHOR_ALL,PeakWD,OBL,Market,amber,0.2787,False,,0.641,-2.55/-3.12,True,0.82,False
JC_BAT_RN,MUSTNGCK_ALL,Off-peak,OBL,Market,amber,0.1524,False,,0.571,-0.34/-0.40,True,0.64,False
JUNO_ALL,OLIN_OLING_1,PeakWD,OBL,Market,amber,0.1425,False,,1.771,3.34/5.80,False,0.73,False
LEG_LEG_G1,HAYSEN3_4,PeakWD,OBL,Market,amber,1.6311,False,,3.262,-0.41/0.73,True,0.73,False
LEG_LEG_G1,THW_THWGT5X,PeakWD,OBL,Market,amber,0.2232,False,,2.659,3.31/4.61,False,0.82,False
LGD_LANGFORD,LZ_WEST,PeakWD,OBL,Market,amber,1.4712,False,,2.24,1.71/1.89,False,0.73,False
LGW_UNIT_ALL,LZ_NORTH,Off-peak,OBL,Market,amber,0.846,False,0.98,3.724,0.29/-0.12,True,0.73,False
LGW_UNIT_ALL,WHCCS2_4,Off-peak,OBL,Market,amber,0.4925,False,,3.243,0.19/-0.25,True,0.64,False
LMO_ESR_RN,TNP_TNP_O_2,Off-peak,OBL,Market,amber,0.1394,False,,0.346,0.07/-0.01,True,0.64,False
LNCRK_ALL,HLSES_UNIT3,Off-peak,OBL,Market,amber,0.4659,False,0.8444,2.69,0.14/0.03,True,0.73,False
LNCRK_ALL,LOS_LOSTPGT1,Off-peak,OBL,Market,amber,2.8471,False,,4.271,0.57/1.08,False,0.64,False
LONEWOLF_ALL,WAP_WAP_G6,PeakWD,OBL,Market,amber,0.327,False,,1.841,3.01/4.19,False,0.64,False
LON_RN1,MAND_SLR_RN,Off-peak,OBL,Market,amber,0.1941,False,,0.388,0.16/-0.17,False,0.64,False
LZ_LCRA,BEXAR_ES_RN,Off-peak,OBL,Market,amber,0.3017,False,0.5957,0.832,0.28/0.25,False,0.8,False
LZ_LCRA,BRA_AVR1_CT2,Off-peak,OBL,Market,amber,0.3149,False,,0.888,0.11/0.18,True,0.82,False
MAND_SLR_RN,DIBOL_RN,PeakWD,OBL,Market,amber,1.0449,False,,2.09,4.49/6.02,False,0.73,False
MAND_SLR_RN,FREC_1_CCU,PeakWD,OBL,Market,amber,0.6651,False,,1.354,3.50/4.46,False,0.82,False
MAND_SLR_RN,FTR_FTR_G1_4,PeakWD,OBL,Market,amber,1.2801,False,2.2778,2.606,4.88/6.20,False,0.82,False
MAND_SLR_RN,GRIM_SLR_RN,PeakWD,OBL,Market,amber,0.9725,False,,1.995,5.37/6.38,False,0.6,False
MAND_SLR_RN,LEG_LEG_G2,PeakWD,OBL,Market,amber,0.5745,False,,1.149,3.18/3.94,False,0.73,False
MAND_SLR_RN,OGSES_2,PeakWD,OBL,Market,amber,0.5412,False,,1.109,2.69/3.34,False,0.73,False
MAND_SLR_RN,TNP_TNP_O_1,PeakWD,OBL,Market,amber,0.1688,False,,0.349,1.33/1.65,False,0.55,False
MARBFA,MAR_MARSFOG2,Off-peak,OBL,Market,amber,0.1429,False,,0.214,0.07/-0.12,False,0.55,False
MARIAH_ALL,LV5_UNIT1,PeakWD,OBL,Market,amber,5.5507,False,,8.655,-3.52/-3.40,True,0.82,False
MDANP_CT3_4,DIBOL_RN,Off-peak,OBL,Market,amber,0.2419,False,,0.719,0.26/0.32,False,0.82,False
MDANP_CT3_4,STRATEGC_RN,Off-peak,OBL,Market,amber,0.3141,False,,0.634,-0.02/0.17,False,0.73,False
MIAM1_G1_G2,FPPYD_FPP_G1,PeakWD,OBL,Market,amber,4.836,False,,10.056,2.21/1.62,True,0.82,False
MIL_MILG1_2,NACPW_UNIT1,Off-peak,OBL,Market,amber,0.516,False,,2.26,-0.05/0.59,False,0.64,False
MISAE_GEN_RN,JCKCNTY2_CT3,Off-peak,OPT,Market,amber,2.1625,False,3.2272,4.481,0.83/1.20,False,0.91,False
MISAE_GEN_RN,WHCCS_CT1_ST,PeakWD,OBL,Market,amber,4.0777,False,,7.043,3.94/3.64,False,0.91,False
MLSES_UNIT1,HB_NORTH,PeakWD,OBL,Market,amber,0.3235,False,1.14,0.508,0.81/0.52,False,0.64,False
MLSES_UNIT1,MDANP_CT3_4,PeakWD,OBL,Market,amber,0.4013,False,1.0203,0.822,2.64/1.68,False,0.55,False
MLSES_UNIT2,HB_NORTH,PeakWD,OBL,Market,amber,0.3235,False,1.14,0.508,0.81/0.52,False,0.64,False
MLSES_UNIT3,HB_NORTH,PeakWD,OBL,Market,amber,0.3235,False,1.14,0.508,0.81/0.52,False,0.64,False
MNWL_BESS_RN,LZ_NORTH,Off-peak,OBL,Market,amber,0.3665,False,0.3795,1.708,-0.27/-0.27,True,0.73,False
MONT_WND_RN,HKSN_SLR_ALL,PeakWD,OBL,Market,amber,1.0782,False,,2.764,-2.63/-3.31,True,0.7,False
MOZART_WIND1,GIGA_ESS_RN,PeakWD,OBL,Market,amber,2.8425,False,,6.292,1.73/2.18,False,0.82,False
MWEC_G1,STEAM_ENG123,Off-peak,OBL,Market,amber,1.173,False,,5.071,-0.77/-0.81,True,0.73,False
MWEC_G1,TRSES_UNIT6,Off-peak,OBL,Market,amber,0.5949,False,,4.079,-0.74/-0.74,True,0.82,False
NBOHR_RN,BOOTLEG_UN1,Off-peak,OPT,Market,amber,7.1449,False,,15.279,0.23/0.06,True,1.0,False
NBOHR_RN,DRYFRIO_RN,Off-peak,OBL,Market,amber,3.4012,False,,8.427,-1.31/-3.46,True,0.73,False
NBOHR_RN,GREASWOD_ALL,Off-peak,OPT,Market,amber,7.2181,False,,15.313,0.25/0.06,True,1.0,False
NBOHR_RN,RRANCHES_ALL,Off-peak,OBL,Market,amber,7.3312,False,,16.227,0.22/0.19,True,1.0,False
NBOHR_RN,TRBT_SLR_RN,Off-peak,OPT,Market,amber,7.2181,False,,15.313,0.25/0.06,True,1.0,False
NOBLESLR_ALL,CNTRY_RN,Off-peak,OBL,Market,amber,0.5625,False,,3.102,0.09/0.06,True,0.73,False
NRTN_SLR_RN,PRCRK_RN,PeakWD,OBL,Market,amber,0.8347,False,,3.311,5.81/17.21,False,0.8,False
NUE_NUECESG8,JKLP_SLR_RN,PeakWD,OBL,Market,amber,0.1649,False,,0.33,1.12/0.79,False,0.73,False
OECCS_1,MAR_MARSFOG2,PeakWD,OBL,Market,amber,0.7125,False,,3.068,4.93/10.73,False,0.64,False
OECCS_2,LZ_LCRA,PeakWD,OBL,Market,amber,2.4322,False,,4.864,3.55/7.65,False,0.64,False
OGSES_1,THW_THWGT5X,PeakWD,OBL,Market,amber,0.5697,False,,2.872,3.80/5.21,False,0.82,False
OGSES_2,TDWLPR_1_RN,Off-peak,OPT,Discovery,amber,0.1296,False,,0.183,0.05/0.05,False,0.5,False
OR_BESS_RN,WAL_RN,PeakWD,OBL,Market,amber,0.2049,False,,0.413,0.20/0.50,False,0.6,False
PANDA_S_CT1,ANOL_ESS_RN,Off-peak,OBL,Market,amber,0.3792,False,,1.271,-0.03/0.13,True,0.8,False
PANDA_S_CT2,PLATINUM_RN,Off-peak,OPT,Market,amber,0.3142,False,0.3443,1.389,0.01/0.05,True,0.8,False
PANDA_T1_CT1,DENISON_G1_2,PeakWD,OBL,Market,amber,1.0197,False,,2.091,7.38/11.34,False,0.73,False
PANDA_T1_CT1,FRNYPP_1_CCU,PeakWD,OBL,Market,amber,0.2037,False,1.1743,2.371,7.20/9.89,False,0.82,False
PANDA_T1_CT1,THW_THWGT5X,PeakWD,OBL,Market,amber,2.4695,False,,4.939,9.27/11.72,False,0.82,False
PANDA_T1_CT2,THW_2_CCU,PeakWD,OBL,Market,amber,1.4892,False,,4.557,9.26/11.78,False,0.82,False
PANDA_T2_ST1,PANDA_S_CT2,PeakWD,OBL,Market,amber,0.834,False,,1.61,7.41/11.39,False,0.73,False
PENA_ALL,PALMWI_UNIT1,PeakWD,OBL,Market,amber,0.3708,False,,3.299,5.01/3.37,False,0.64,False
PH1_UNIT1_2,BOSQ_BSQS_12,PeakWD,OBL,Market,amber,1.0314,False,,6.688,0.38/-1.73,True,1.0,False
PHOENIX_RN,STRATEGC_RN,Off-peak,OBL,Market,amber,0.1489,False,,0.29,0.04/0.12,False,0.55,False
PORTSL_UNIT1,CBY_CBY_G1,Off-peak,OBL,Market,amber,2.9369,False,,5.253,0.31/0.90,True,0.73,False
PRID_RN,ATK_ATKINSG7,Off-peak,OBL,Market,amber,0.2055,False,,2.878,0.09/-0.98,True,0.73,False
PRID_RN,EBELLS_UNIT1,Off-peak,OBL,Market,amber,1.441,False,,2.882,0.18/-0.95,True,0.64,False
PRID_RN,FREC_1_CCU,Off-peak,OBL,Market,amber,1.3727,False,,2.745,-0.03/-1.19,True,0.64,False
PRID_RN,FREC_2_CCU,Off-peak,OBL,Market,amber,2.1435,False,,4.287,-0.03/-1.18,True,0.73,False
PRID_RN,H_HOLLO_WND1,Off-peak,OBL,Market,amber,0.2265,False,,0.72,0.27/-0.64,False,0.55,False
PRID_RN,IMP_RN1,Off-peak,OBL,Market,amber,1.8723,False,,3.903,-0.11/-1.33,True,0.82,False
PRID_RN,LILY_RN,Off-peak,OBL,Market,amber,1.4958,False,,4.676,-0.07/-1.26,True,0.82,False
PRID_RN,LZ_NORTH,Off-peak,OBL,Market,amber,0.831,False,,2.708,0.05/-1.25,True,0.73,False
PRID_RN,MIL_MILG1_2,Off-peak,OBL,Market,amber,1.9089,False,,3.652,0.14/-1.72,True,0.55,False
PRID_RN,MLSES_UNIT1,Off-peak,OBL,Market,amber,0.8949,False,1.8379,3.26,-0.16/-1.25,True,0.82,False
PRID_RN,SCES_UNIT1,Off-peak,OBL,Market,amber,1.4226,False,,2.845,0.19/-1.13,True,0.64,False
PRID_RN,STRATEGC_RN,Off-peak,OBL,Market,amber,1.6043,False,,3.209,-0.07/-1.22,True,0.73,False
PSG_PSG_GT2,SP_RN,PeakWD,OBL,Market,amber,0.1371,False,,0.286,0.34/0.52,False,0.55,False
PYR_PYRON1,COL_COLETOG1,Off-peak,OBL,Market,amber,3.0653,False,3.0672,4.598,0.58/2.28,False,0.64,False
PYR_PYRON1,TEN_CT1_STG,Off-peak,OBL,Market,amber,0.624,False,,3.312,1.37/1.69,False,0.82,False
RADN_SLR_ALL,FREC_1_CCU,Off-peak,OBL,Market,amber,1.6385,False,,3.331,-0.39/-1.14,True,0.64,False
RADN_SLR_ALL,LEG_LEG_G1,Off-peak,OBL,Market,amber,1.5755,False,,3.151,-0.31/-1.03,True,0.64,False
RADN_SLR_ALL,MDANP_CT1_2,Off-peak,OBL,Market,amber,1.1873,False,,3.437,-0.43/-1.31,True,0.73,False
RADN_SLR_ALL,MIL_MILG345,Off-peak,OBL,Market,amber,0.4179,False,,3.248,-0.22/-1.68,True,0.64,False
RADN_SLR_ALL,NACPW_UNIT1,Off-peak,OBL,Market,amber,0.4182,False,,3.814,-0.27/-1.09,True,0.82,False
RANCHERO_ALL,BRP_RN_UNIT1,PeakWD,OBL,Market,amber,3.1989,False,6.2905,6.175,3.60/3.67,False,0.64,False
RANCHERO_ALL,LZ_CPS,PeakWD,OBL,Market,amber,2.8304,False,6.0925,5.844,3.78/3.37,False,0.64,False
RANCHERO_ALL,LZ_WEST,Off-peak,OBL,Market,amber,2.6948,False,,6.047,0.34/0.14,True,0.91,False
RBN_BESS1,LZ_HOUSTON,PeakWD,OBL,Market,amber,0.1433,False,,0.523,0.14/-0.20,False,0.82,False
RDCAN_RDCNY1,BIGSTAR_ALL,Off-peak,OBL,Market,amber,1.2678,False,,2.536,-0.75/-0.56,True,0.73,False
RDCAN_RDCNY1,CNTRY_RN,Off-peak,OBL,Market,amber,0.582,False,,2.379,-1.15/-1.56,True,0.73,False
REDFISH_ALL,N_MRD_ESR_RN,Off-peak,OBL,Market,amber,0.1547,False,,0.449,-0.29/-0.20,True,0.73,False
RN_RTS1,HB_SOUTH,PeakWD,OBL,Market,amber,0.4419,False,,3.97,-0.83/-1.45,True,0.82,False
RN_RTS1,PANDA_S_CT1,Off-peak,OBL,Market,amber,0.3828,False,,2.246,-0.77/-1.72,True,0.73,False
RN_RTS1,SCES_UNIT1,Off-peak,OBL,Market,amber,1.5429,False,,3.086,-0.48/-1.48,True,0.64,False
RN_TOSBATT,LZ_WEST,Off-peak,OBL,Market,amber,0.1665,False,,1.624,-0.67/-1.25,True,0.73,False
ROUTE66_RN,DUP_PUN1,PeakWD,OBL,Market,amber,5.2256,False,,9.799,-2.54/-6.37,True,0.82,False
RRC_WIND_ALL,HKSN_SLR_ALL,Off-peak,OPT,Market,amber,0.3618,False,,0.543,0.02/0.03,True,0.6,False
RRC_WIND_ALL,HLSES_UNIT4,Off-peak,OBL,Market,amber,0.5529,False,,2.617,0.19/0.29,True,0.82,False
RRC_WIND_ALL,MDANP_CT5_6,Off-peak,OBL,Market,amber,1.3603,False,,3.581,0.22/0.50,True,0.73,False
RSK_RN,HYDR_ESS_RN,Off-peak,OPT,Market,amber,7.1449,False,,15.279,0.23/0.06,True,1.0,False
RSK_RN,QUEEN_BA_RN,Off-peak,OPT,Market,amber,7.3861,False,,15.315,0.29/0.07,True,1.0,False
RSK_RN,QUEEN_SL_RN,Off-peak,OPT,Market,amber,7.3861,False,,15.315,0.29/0.07,True,1.0,False
RSK_RN,REDBARN_RN,Off-peak,OPT,Market,amber,7.1449,False,,15.279,0.23/0.06,True,1.0,False
RSK_RN,TRBT_SLR_RN,Off-peak,OPT,Market,amber,7.2181,False,,15.313,0.25/0.06,True,1.0,False
SBE_RN_1,LZ_HOUSTON,PeakWD,OBL,Market,amber,0.7019,False,,1.44,2.48/3.29,False,0.73,False
SBE_RN_1,PNPI_GT2_RN,PeakWD,OBL,Market,amber,0.4499,False,0.4543,0.9,2.27/3.42,False,0.64,False
SBE_RN_1,RBN_BESS1,PeakWD,OBL,Market,amber,0.4345,False,0.7287,0.869,2.34/3.49,False,0.64,False
SBE_RN_1,SKY1,PeakWD,OBL,Market,amber,0.8007,False,,1.645,-2.54/-2.14,True,0.64,False
SENATEWD_1,JCKCNTY2_CT3,PeakWD,OBL,Market,amber,0.3821,False,1.1617,0.598,1.41/1.71,False,0.64,False
SENATEWD_1,NOBLESLR_ALL,PeakWD,OBL,Market,amber,0.5953,False,,1.191,2.15/3.28,False,0.55,False
SENATEWD_1,WCPP_ST1,Off-peak,OBL,Market,amber,0.4408,False,,1.457,0.13/0.21,True,0.64,False
SENATEWD_1,WILDWIND_ALL,Off-peak,OBL,Market,amber,0.3783,False,,1.353,0.17/0.33,True,0.55,False
SE_EDINB_RN,LOWR_ESS_RN,PeakWD,OBL,Market,amber,0.5373,False,,1.09,0.73/1.23,False,0.8,False
SHAFFER_ALL,FALFUR_RN,PeakWD,OBL,Market,amber,0.2481,False,,0.496,-0.13/0.87,False,0.64,False
SHAMROCK_RN,FERGCC_GT1_1,PeakWD,OBL,Market,amber,0.8607,False,,7.289,6.96/12.62,False,0.82,False
SHAMROCK_RN,LBRA_BES1,PeakWD,OBL,Market,amber,1.0005,False,,4.091,1.92/0.62,False,0.73,False
SHANNONW_RN,CALLAHA_WND1,PeakWD,OBL,Market,amber,1.2405,False,,2.426,2.22/-1.04,False,0.82,False
SHANNONW_RN,MLSES_UNIT2,Off-peak,OBL,Market,amber,2.1278,False,,5.095,0.27/0.73,True,0.91,False
SHANNONW_RN,MLSES_UNIT3,Off-peak,OBL,Market,amber,2.1278,False,,5.095,0.27/0.73,True,0.91,False
SHANNONW_RN,WIPOPA_1_2,PeakWD,OBL,Market,amber,2.5235,False,,7.802,0.65/0.32,True,0.73,False
SHEEPCRK_1,HKSN_SLR_ALL,Off-peak,OPT,Market,amber,0.3618,False,,0.543,0.02/0.03,True,0.6,False
SHEEPCRK_1,MDANP_CT1_2,Off-peak,OBL,Market,amber,1.3603,False,1.6837,3.581,0.22/0.53,True,0.73,False
SLTFRK_UN1_2,BRANDON_RN,Off-peak,OBL,Market,amber,0.4864,False,,1.125,0.48/0.88,False,0.73,False
SNY_BESS_RN,HELIOS_RN,Off-peak,OBL,Market,amber,1.0566,False,,2.264,0.49/-1.91,True,0.64,False
SOLARA_UNIT1,BRP_RN_UNIT1,PeakWD,OBL,Market,amber,4.6583,False,,8.052,0.80/2.19,False,0.82,False
SOLARA_UNIT1,GUADG_CCU1,PeakWD,OBL,Market,amber,2.9025,False,,7.88,-0.12/0.23,True,0.73,False
SOLARA_UNIT1,LONEWOLF_ALL,Off-peak,OBL,Market,amber,0.3345,False,2.6535,0.963,2.50/3.89,False,0.91,False
SOLARA_UNIT1,PANDA_T1_ST1,Off-peak,OBL,Market,amber,1.5918,False,,2.388,-1.14/-0.57,True,0.64,False
SPLAIN1_RN,HLSES_UNIT3,PeakWD,OBL,Market,amber,5.1601,False,,8.167,3.68/4.00,False,0.91,False
SSPURT_WIND1,MDANP_CT1_2,Off-peak,OBL,Market,amber,4.0009,False,,8.117,1.42/2.04,False,0.82,False
STAR_SLR_RN,ETCCS_CCU,Off-peak,OBL,Market,amber,1.5833,False,,3.393,3.95/1.69,False,0.73,False
STLHS_SL_RN,BLUEJAY_RN,PeakWD,OBL,Market,amber,1.1315,False,,2.307,6.53/7.72,False,0.6,False
STLHS_SL_RN,LZ_NORTH,PeakWD,OBL,Market,amber,1.1192,False,,2.329,6.17/9.29,False,0.9,False
STWF_T1,SWT_BESS_RN,PeakWD,OBL,Market,amber,0.2377,False,0.5944,0.63,0.77/-0.10,False,0.64,False
SWEETWN2_2_4,SOLARA_UNIT1,PeakWD,OBL,Market,amber,0.4833,False,,0.644,1.97/2.18,False,0.64,False
SWEETWND_1,HLSES_UNIT3,Off-peak,OBL,Market,amber,0.6597,False,,2.661,0.97/1.35,False,0.64,False
SWTWN4_WND45,BLUEJAY_RN,Off-peak,OBL,Market,amber,0.8493,False,,3.18,1.15/1.96,False,0.64,False
SWTWN4_WND45,EBELLS_UNIT1,Off-peak,OBL,Market,amber,1.6253,False,,3.251,1.26/1.99,False,0.64,False
TAHOKA_ALL,HAYSEN3_4,PeakWD,OBL,Market,amber,1.1361,False,,6.814,0.09/1.02,True,0.82,False
TAHOKA_ALL,HHGT_KENDAL,PeakWD,OBL,Market,amber,3.9609,False,,5.941,-0.61/1.36,True,0.55,False
TAV_RN,CHEDPW_GT2,PeakWD,OBL,Market,amber,0.9086,False,,1.922,2.14/2.67,False,0.73,False
TAV_RN,HB_HOUSTON,PeakWD,OBL,Market,amber,0.5802,False,,1.613,1.71/2.35,False,0.64,False
TAV_RN,LZ_HOUSTON,PeakWD,OBL,Market,amber,0.7243,False,,1.449,1.80/2.32,False,0.64,False
TAV_RN,THW_THWGT5X,PeakWD,OBL,Market,amber,0.7621,False,,1.963,2.23/3.20,False,0.73,False
TAV_RN,WAP_WAPGT_1,PeakWD,OBL,Market,amber,0.4315,False,,0.908,1.59/2.44,False,0.55,False
TDWLPR_1_RN,OGSES_2,PeakWD,OPT,Discovery,amber,0.3262,False,,0.527,1.23/1.52,False,0.7,False
TGCCS_ALL,FREC_2_CCU,Off-peak,OBL,Market,amber,0.2878,False,,0.576,0.12/0.06,True,0.55,False
TGCCS_ALL,FREC_2_CCU,PeakWD,OBL,Market,amber,0.2265,False,0.6358,0.471,0.84/-0.29,False,0.64,False
TGCCS_ALL,LFSTH_RN,PeakWD,OBL,Market,amber,0.3037,False,,0.608,1.71/1.13,False,0.55,False
TGS_GT01,BSS_U1,PeakWD,OBL,Market,amber,0.1911,False,,0.713,1.63/1.56,False,0.73,False
TGW_T1_T2,LMAJADAS_ALL,PeakWD,OBL,Market,amber,0.3003,False,,1.951,4.99/4.01,False,0.64,False
TKWSW_CHAMP,MLSES_UNIT1,Off-peak,OBL,Market,amber,0.6504,False,,3.263,0.93/1.77,False,0.82,False
TNP_TNP_O_1,IMP_RN1,PeakWD,OBL,Market,amber,0.5326,False,,1.239,3.08/5.60,False,0.91,False
TNP_TNP_O_1,LPCCS_CT11,PeakWD,OBL,Market,amber,0.5125,False,,1.298,3.06/5.54,False,0.82,False
TNP_TNP_O_1,PANDA_S_CT1,PeakWD,OBL,Market,amber,0.7166,False,1.0677,1.126,3.31/6.59,False,0.64,False
TNP_TNP_O_1,PHOENIX_RN,PeakWD,OBL,Market,amber,0.2904,False,1.0894,1.568,3.16/6.07,False,0.82,False
TNP_TNP_O_1,WIPOPA_1_2,PeakWD,OBL,Market,amber,1.033,False,,2.7,0.91/1.88,False,0.73,False
TNP_TNP_O_2,LIGSW_RN,PeakWD,OBL,Market,amber,1.0802,False,,2.161,3.37/4.32,False,0.82,False
TNP_TNP_O_2,SIG_SLR_RN,PeakWD,OBL,Market,amber,1.0494,False,1.3163,2.121,3.33/6.09,False,0.82,False
TRBT_SLR_RN,CEDRVALE_RN,PeakWD,OBL,Market,amber,0.2742,False,,1.229,1.28/0.80,False,0.73,False
TRBT_SLR_RN,HOVEY_GEN,PeakWD,OBL,Market,amber,0.2373,False,0.6578,1.116,1.17/0.80,False,0.73,False
TRBT_SLR_RN,RTLSNAKE_BT,PeakWD,OBL,Market,amber,0.2638,False,,1.259,1.31/0.84,False,0.73,False
TRINITY_ALL,WCPP_CT1,Off-peak,OPT,Market,amber,0.8851,False,1.8475,1.846,0.22/0.32,True,0.73,False
TRINITY_ALL,WILDWIND_ALL,Off-peak,OBL,Market,amber,0.6603,False,,1.338,0.25/0.42,False,0.55,False
TRUSGILL_RN,PORTSL_UNIT1,Off-peak,OBL,Market,amber,0.3372,False,,0.777,0.42/0.79,False,0.64,False
T_CK_GT2_RN,OWF_OWF,Off-peak,OBL,Market,amber,1.3945,False,,2.988,-1.17/-0.19,True,0.64,False
VERAWIND_ALL,WHCCS2_5_6,Off-peak,OBL,Market,amber,3.0793,False,,4.634,0.65/1.18,False,0.73,False
WAYMARK_RN,QALSW_ALL,Off-peak,OBL,Market,amber,0.2703,False,1.2924,0.437,0.41/0.81,False,0.55,False
WCPP_ST1,CNTRY_RN,PeakWD,OBL,Market,amber,1.1908,False,,2.739,0.48/-0.89,True,0.91,False
WGU_RN,PNPI_GT2_RN,PeakWD,OBL,Market,amber,0.15,False,,0.477,1.73/2.63,False,0.73,False
WHCCS2_4,CNTRY_RN,PeakWD,OBL,Market,amber,0.2211,False,,0.64,-0.01/-0.69,True,0.73,False
WHCCS2_4,LIGSW_RN,PeakWD,OBL,Market,amber,0.6978,False,,1.971,0.94/1.03,False,0.82,False
WHCCS2_4,MDANP_CT3_4,PeakWD,OBL,Market,amber,0.3355,False,0.3659,0.81,1.68/1.65,False,0.82,False
WHCCS_CT1_ST,MDANP_CT3_4,PeakWD,OBL,Market,amber,0.3413,False,0.3671,1.195,1.68/1.64,False,0.91,False
WHCCS_CT2,CNTRY_RN,PeakWD,OBL,Market,amber,0.2007,False,,0.864,-0.01/-0.69,True,0.82,False
WHCCS_CT2,HLSES_UNIT4,Off-peak,OBL,Market,amber,0.1575,False,,0.772,-0.06/-0.21,True,0.64,False
WH_WIND_ALL,BRTSW_BCW1,Off-peak,OBL,Market,amber,0.4572,False,,0.914,0.99/0.87,False,0.55,False
WILDWIND_ALL,HLSES_UNIT4,Off-peak,OBL,Market,amber,0.6323,False,,2.138,0.06/-0.07,True,0.73,False
WL_RANCH_RN,BRP_RN_UNIT1,PeakWD,OBL,Market,amber,2.4629,False,,4.958,2.75/3.44,False,0.73,False
WL_RANCH_RN,CALAVER_JTD1,PeakWD,OBL,Market,amber,0.8367,False,,4.631,3.09/3.36,False,1.0,False
WL_RANCH_RN,E_BLACK_RN,PeakWD,OBL,Market,amber,1.9495,False,,4.523,4.70/4.70,False,0.73,False
WL_RANCH_RN,JC_BAT_RN,PeakWD,OBL,Market,amber,3.2931,False,,6.867,5.43/10.31,False,0.73,False
WL_RANCH_RN,LZ_CPS,PeakWD,OBL,Market,amber,2.1865,False,,4.514,2.93/3.13,False,0.73,False
WL_RANCH_RN,RN_OCI_ALAMO,PeakWD,OBL,Market,amber,2.0718,False,,4.703,1.81/1.96,False,0.91,False
WNDTS2_UNIT1,HMNG_ESS_RN,PeakWD,OBL,Market,amber,0.9469,False,,1.894,3.77/5.30,False,0.73,False
WNDTS2_UNIT1,SENATEWD_1,PeakWD,OBL,Market,amber,0.3535,False,,0.707,1.62/2.02,False,0.82,False
WNDTS2_UNIT1,S_HILLS_RN,PeakWD,OBL,Market,amber,0.3988,False,2.5778,1.183,1.19/1.36,False,0.82,False
WNDTS2_UNIT1,WH_WIND_ALL,PeakWD,OBL,Market,amber,0.5095,False,,2.169,0.05/0.10,True,0.73,False
WND_WHITNEY,CORALSLR_ALL,Off-peak,OBL,Market,amber,0.1645,False,,0.353,-0.11/0.05,True,0.55,False
YNG_WND_ALL,ANCHOR_ALL,PeakWD,OBL,Market,amber,0.1767,False,,0.554,-3.45/-4.04,True,0.55,False
YNG_WND_ALL,PORTSL_UNIT1,Off-peak,OBL,Market,amber,0.2679,False,,0.402,0.21/0.45,False,0.55,False
YNG_WND_ALL,RRC_WIND_ALL,Off-peak,OBL,Market,amber,0.6445,False,,1.297,0.19/0.34,False,0.64,False
YNG_WND_ALL,SHEEPCRK_1,Off-peak,OBL,Market,amber,0.6445,False,,1.297,0.19/0.34,False,0.64,False
